{
  "timestamp": "2025-11-23 22:08:57",
  "config": {
    "dof_range": [
      8,
      20
    ],
    "samples_per_dof": 1000,
    "max_iterations": 500,
    "tolerance": 1e-06,
    "robot_seed": 42,
    "sample_seed": 42
  },
  "total_time_s": 10.970953941345215,
  "benchmarks": [
    {
      "dof": 8,
      "robot_stats": {
        "total_dof": 8,
        "num_revolute": 4,
        "num_prismatic": 4,
        "total_chain_length": 2.7025482331940376
      },
      "num_samples": 1000,
      "robot_seed": 50,
      "sample_seed": 42,
      "cold_start_zero": {
        "cases": 1000,
        "successes": 444,
        "failures": 556,
        "success_rate": 44.4,
        "avg_time_us": 1485.8904997236095,
        "avg_iterations": 15.34009009009009,
        "avg_pos_error_mm": 0.00013568005998542106,
        "avg_rot_error": 1.7498957068381167e-07
      },
      "cold_start_random": {
        "cases": 1000,
        "successes": 222,
        "failures": 778,
        "success_rate": 22.2,
        "avg_time_us": 1704.659899289254,
        "avg_iterations": 16.085585585585587,
        "avg_pos_error_mm": 0.0001445119170173181,
        "avg_rot_error": 1.857605455983459e-07
      },
      "warm_start": {
        "cases": 1000,
        "successes": 998,
        "failures": 2,
        "success_rate": 99.8,
        "avg_time_us": 18.053499923553318,
        "avg_iterations": 6.041082164328658,
        "avg_pos_error_mm": 0.0001654811198890367,
        "avg_rot_error": 1.8745782888858258e-07
      },
      "benchmark_time_s": 3.606781005859375
    },
    {
      "dof": 9,
      "robot_stats": {
        "total_dof": 9,
        "num_revolute": 6,
        "num_prismatic": 3,
        "total_chain_length": 3.217590397121617
      },
      "num_samples": 1000,
      "robot_seed": 51,
      "sample_seed": 42,
      "cold_start_zero": {
        "cases": 1000,
        "successes": 967,
        "failures": 33,
        "success_rate": 96.7,
        "avg_time_us": 107.9836007556878,
        "avg_iterations": 14.655635987590486,
        "avg_pos_error_mm": 0.00020971585016759317,
        "avg_rot_error": 7.318997163852599e-09
      },
      "cold_start_random": {
        "cases": 1000,
        "successes": 660,
        "failures": 340,
        "success_rate": 66.0,
        "avg_time_us": 751.4536005328409,
        "avg_iterations": 16.60909090909091,
        "avg_pos_error_mm": 0.00022674057792487065,
        "avg_rot_error": 7.344995483286887e-08
      },
      "warm_start": {
        "cases": 1000,
        "successes": 1000,
        "failures": 0,
        "success_rate": 100.0,
        "avg_time_us": 10.022200469393283,
        "avg_iterations": 4.061,
        "avg_pos_error_mm": 0.0001255156952861399,
        "avg_rot_error": 8.762566487412678e-09
      },
      "benchmark_time_s": 0.9324579238891602
    },
    {
      "dof": 10,
      "robot_stats": {
        "total_dof": 10,
        "num_revolute": 8,
        "num_prismatic": 2,
        "total_chain_length": 2.5922151600459737
      },
      "num_samples": 1000,
      "robot_seed": 52,
      "sample_seed": 42,
      "cold_start_zero": {
        "cases": 1000,
        "successes": 954,
        "failures": 46,
        "success_rate": 95.39999999999999,
        "avg_time_us": 180.90510001638904,
        "avg_iterations": 19.5125786163522,
        "avg_pos_error_mm": 0.0002438440201478025,
        "avg_rot_error": 6.473119576175315e-08
      },
      "cold_start_random": {
        "cases": 1000,
        "successes": 747,
        "failures": 253,
        "success_rate": 74.7,
        "avg_time_us": 695.2104003867134,
        "avg_iterations": 24.07095046854083,
        "avg_pos_error_mm": 0.00028192967261645834,
        "avg_rot_error": 1.3307057015627722e-07
      },
      "warm_start": {
        "cases": 1000,
        "successes": 1000,
        "failures": 0,
        "success_rate": 100.0,
        "avg_time_us": 13.199498353060335,
        "avg_iterations": 4.488,
        "avg_pos_error_mm": 0.0001016588911744005,
        "avg_rot_error": 7.083066800904768e-08
      },
      "benchmark_time_s": 0.9479670524597168
    },
    {
      "dof": 11,
      "robot_stats": {
        "total_dof": 11,
        "num_revolute": 8,
        "num_prismatic": 3,
        "total_chain_length": 3.5551375103751943
      },
      "num_samples": 1000,
      "robot_seed": 53,
      "sample_seed": 42,
      "cold_start_zero": {
        "cases": 1000,
        "successes": 879,
        "failures": 121,
        "success_rate": 87.9,
        "avg_time_us": 388.8639996293932,
        "avg_iterations": 20.070534698521048,
        "avg_pos_error_mm": 0.00022583156063393995,
        "avg_rot_error": 2.78975048419504e-08
      },
      "cold_start_random": {
        "cases": 1000,
        "successes": 612,
        "failures": 388,
        "success_rate": 61.199999999999996,
        "avg_time_us": 1089.6752992994152,
        "avg_iterations": 20.58986928104575,
        "avg_pos_error_mm": 0.0002383323147149578,
        "avg_rot_error": 6.181615582193902e-08
      },
      "warm_start": {
        "cases": 1000,
        "successes": 1000,
        "failures": 0,
        "success_rate": 100.0,
        "avg_time_us": 14.624699775595218,
        "avg_iterations": 4.64,
        "avg_pos_error_mm": 0.00011411554013852816,
        "avg_rot_error": 3.574006872258335e-08
      },
      "benchmark_time_s": 1.555640697479248
    },
    {
      "dof": 12,
      "robot_stats": {
        "total_dof": 12,
        "num_revolute": 10,
        "num_prismatic": 2,
        "total_chain_length": 3.629304143946367
      },
      "num_samples": 1000,
      "robot_seed": 54,
      "sample_seed": 42,
      "cold_start_zero": {
        "cases": 1000,
        "successes": 983,
        "failures": 17,
        "success_rate": 98.3,
        "avg_time_us": 106.72319924924523,
        "avg_iterations": 13.788402848423194,
        "avg_pos_error_mm": 0.00018933920116882003,
        "avg_rot_error": 5.660787566227117e-08
      },
      "cold_start_random": {
        "cases": 1000,
        "successes": 880,
        "failures": 120,
        "success_rate": 88.0,
        "avg_time_us": 456.4770989236422,
        "avg_iterations": 22.436363636363637,
        "avg_pos_error_mm": 0.00023762548873954446,
        "avg_rot_error": 1.241414297054799e-07
      },
      "warm_start": {
        "cases": 1000,
        "successes": 1000,
        "failures": 0,
        "success_rate": 100.0,
        "avg_time_us": 16.666102106682956,
        "avg_iterations": 4.749,
        "avg_pos_error_mm": 0.00011296958052800285,
        "avg_rot_error": 6.566252343270783e-08
      },
      "benchmark_time_s": 0.6415555477142334
    },
    {
      "dof": 13,
      "robot_stats": {
        "total_dof": 13,
        "num_revolute": 8,
        "num_prismatic": 5,
        "total_chain_length": 3.8025432937147494
      },
      "num_samples": 1000,
      "robot_seed": 55,
      "sample_seed": 42,
      "cold_start_zero": {
        "cases": 1000,
        "successes": 996,
        "failures": 4,
        "success_rate": 99.6,
        "avg_time_us": 86.15750080207363,
        "avg_iterations": 16.43975903614458,
        "avg_pos_error_mm": 0.0003817439112447589,
        "avg_rot_error": 3.777503246252231e-08
      },
      "cold_start_random": {
        "cases": 1000,
        "successes": 889,
        "failures": 111,
        "success_rate": 88.9,
        "avg_time_us": 443.05740005802363,
        "avg_iterations": 19.158605174353205,
        "avg_pos_error_mm": 0.00037620221337963597,
        "avg_rot_error": 8.451686046557078e-08
      },
      "warm_start": {
        "cases": 1000,
        "successes": 1000,
        "failures": 0,
        "success_rate": 100.0,
        "avg_time_us": 15.791799989528956,
        "avg_iterations": 4.346,
        "avg_pos_error_mm": 7.345458639434709e-05,
        "avg_rot_error": 2.9253996120891752e-08
      },
      "benchmark_time_s": 0.6062843799591064
    },
    {
      "dof": 14,