{
  "robot_name": "ur5e",
  "dof": 6,
  "total_samples": 1000,
  "seed": 42,
  "cold_start_zero": {
    "cases": 1000,
    "successes": 854,
    "failures": 146,
    "success_rate": 85.39999999999999,
    "avg_time_us": 146.04669937398285,
    "avg_iterations": 20.660421545667447,
    "avg_pos_error_mm": 0.011226137308518808,
    "avg_rot_error": 1.1942306921351224e-05
  },
  "cold_start_random": {
    "cases": 1000,
    "successes": 600,
    "failures": 400,
    "success_rate": 60.0,
    "avg_time_us": 360.4185005533509,
    "avg_iterations": 17.355,
    "avg_pos_error_mm": 0.013833981650649071,
    "avg_rot_error": 1.254694227377004e-05
  },
  "warm_start": {
    "cases": 1000,
    "successes": 1000,
    "failures": 0,
    "success_rate": 100.0,
    "avg_time_us": 9.98950027860701,
    "avg_iterations": 3.862,
    "avg_pos_error_mm": 0.01621966459975384,
    "avg_rot_error": 1.734233066452826e-05
  }
}