{
  "robot_name": "ur5e+x",
  "dof": 7,
  "total_samples": 1000,
  "seed": 42,
  "cold_start_zero": {
    "cases": 1000,
    "successes": 951,
    "failures": 49,
    "success_rate": 95.1,
    "avg_time_us": 83.82120099849999,
    "avg_iterations": 10.983175604626709,
    "avg_pos_error_mm": 0.004600628316553945,
    "avg_rot_error": 1.5990438540347514e-05
  },
  "cold_start_random": {
    "cases": 1000,
    "successes": 785,
    "failures": 215,
    "success_rate": 78.5,
    "avg_time_us": 236.2176007591188,
    "avg_iterations": 12.977070063694267,
    "avg_pos_error_mm": 0.008581113893362483,
    "avg_rot_error": 1.4648308874128491e-05
  },
  "warm_start": {
    "cases": 1000,
    "successes": 999,
    "failures": 1,
    "success_rate": 99.9,
    "avg_time_us": 11.742500180844218,
    "avg_iterations": 3.4424424424424425,
    "avg_pos_error_mm": 0.011602684688066581,
    "avg_rot_error": 1.8068543821467466e-05
  }
}