{
  "robot_name": "ur5e+xy",
  "dof": 8,
  "total_samples": 1000,
  "seed": 42,
  "cold_start_zero": {
    "cases": 1000,
    "successes": 994,
    "failures": 6,
    "success_rate": 99.4,
    "avg_time_us": 40.763701079413295,
    "avg_iterations": 9.818913480885312,
    "avg_pos_error_mm": 0.00819776287872549,
    "avg_rot_error": 1.5525496939644092e-05
  },
  "cold_start_random": {
    "cases": 1000,
    "successes": 886,
    "failures": 114,
    "success_rate": 88.6,
    "avg_time_us": 145.44359920546412,
    "avg_iterations": 10.813769751693002,
    "avg_pos_error_mm": 0.007213134518885579,
    "avg_rot_error": 1.4167085458389865e-05
  },
  "warm_start": {
    "cases": 1000,
    "successes": 1000,
    "failures": 0,
    "success_rate": 100.0,
    "avg_time_us": 9.752799582201988,
    "avg_iterations": 3.195,
    "avg_pos_error_mm": 0.009643116654802653,
    "avg_rot_error": 1.594963741035435e-05
  }
}